100,people
Freya Mcdaniel,Female,1-176-320-8624,aliquet.diam@mollisInteger.co.uk,"P.O. Box 445, 4433 Sed Ave",Gaithersburg,MD,47677
Kameko Townsend,Female,1-216-849-9853,commodo.ipsum@Mauris.com,"P.O. Box 444, 1491 Scelerisque Av.",Fort Wayne,IN,53759
Jada Foster,Female,1-370-921-5036,lobortis.risus@augue.net,"P.O. Box 519, 2186 Posuere Rd.",Gillette,Wyoming,29811
Linus Kennedy,Male,1-287-228-3362,odio.sagittis@elitsed.org,9138 Massa. Avenue,Hillsboro,Oregon,41767
Joshua Berry,Male,1-816-855-3613,Cum.sociis.natoque@volutpat.org,Ap #592-1099 In Rd.,New Haven,Connecticut,65296
Kaseem Jensen,Male,1-819-343-2290,Donec.feugiat.metus@aliquameros.org,"P.O. Box 795, 2700 Vel, Avenue",Portland,Maine,54555
Ruth Wilkinson,Female,1-163-781-0765,turpis@accumsaninterdumlibero.edu,"4924 A, Street",St. Petersburg,Florida,61018
Dana White,Female,1-706-179-2999,Mauris.non@placerataugueSed.org,699-5705 Molestie Avenue,Chattanooga,Tennessee,62797
Blake Pugh,Male,1-820-289-4335,ultricies.ligula.Nullam@neque.ca,4433 Nunc Avenue,Gary,Indiana,14536
Winter Howard,Female,1-651-284-3871,libero.mauris.aliquam@nislQuisque.net,9812 Sit Rd.,College,Alaska,99913
Keegan Morin,Male,1-932-573-2463,Nunc.laoreet.lectus@natoque.ca,317-144 Orci St.,Rutland,VT,34548
Chiquita Bridges,Female,1-663-218-3914,at.velit.Pellentesque@nislQuisque.org,457 Pulvinar Street,Nampa,Idaho,23928
Anjolie Ferrell,Female,1-293-358-6541,vel.turpis.Aliquam@elementumat.org,9577 Nonummy St.,Olympia,WA,20897
Mohammad Stein,Male,1-736-311-3868,tristique.neque.venenatis@magnaUttincidunt.net,"P.O. Box 206, 6543 Morbi Rd.",Glendale,AZ,86515
Kay Hudson,Male,1-214-138-2786,lectus@odioAliquamvulputate.ca,208-2834 Ligula. Street,Waterbury,Connecticut,72263
Vivian Austin,Female,1-655-775-0544,convallis.ante.lectus@nisiCumsociis.com,"2983 Ullamcorper, Street",Springfield,IL,14094
Nathaniel Downs,Male,1-121-989-2831,dolor@antedictumcursus.net,7195 Eu Av.,Kearney,NE,34026
Roary Spence,Male,1-386-459-9177,id@facilisiSedneque.ca,5771 Ut Ave,Kapolei,Hawaii,19166
Francis Avila,Male,1-716-256-4832,auctor.quis@id.com,5821 Maecenas Rd.,Columbus,OH,80078
Wesley Joseph,Male,1-314-572-2176,consectetuer.ipsum.nunc@placerat.ca,"P.O. Box 186, 4290 Donec St.",Topeka,Kansas,67066
Price Ryan,Male,1-172-918-2551,porttitor@lobortis.ca,Ap #250-2642 Rutrum Road,Sioux City,IA,98952
Bradley Collins,Male,1-413-661-5914,orci.consectetuer.euismod@purus.edu,3478 Integer Rd.,Bangor,Maine,70065
Moana Ware,Female,1-817-853-8646,eget.laoreet.posuere@Fuscealiquet.edu,"P.O. Box 766, 5396 Eleifend. Av.",Fort Worth,Texas,16717
Yoshio Dalton,Male,1-628-471-7466,penatibus@sodaleseliterat.org,270-6236 Orci Road,Gaithersburg,Maryland,93914
Catherine Montgomery,Female,1-914-492-9661,ac.turpis@habitantmorbitristique.ca,3481 Nisl. Av.,Gary,Indiana,77737
Blythe Pugh,Male,1-359-665-7172,lectus.justo.eu@eleifendnon.org,Ap #453-9942 Quisque Road,Memphis,Tennessee,67467
Leo Barr,Male,1-827-875-4625,neque@maurisid.ca,3237 Donec St.,Fairbanks,AK,99762
Audrey Langley,Female,1-281-583-3839,Curae.Phasellus.ornare@Vestibulumuteros.ca,"P.O. Box 242, 5805 Amet Av.",Carson City,NV,61090
Adam Bauer,Male,1-901-177-6867,tellus.justo@Morbimetus.edu,"P.O. Box 496, 4826 In, Road",Baltimore,Maryland,80059
Charity Weaver,Female,1-135-176-1758,rutrum.justo.Praesent@arcueuodio.net,"P.O. Box 933, 3869 Nec Road",Lawton,OK,31713
Evan Foster,Male,1-193-180-9475,In.faucibus@sitametmassa.org,"P.O. Box 919, 5389 Odio, St.",Bloomington,MN,85823
Noble Rosales,Male,1-242-195-0263,justo.Proin@tinciduntaliquamarcu.ca,"P.O. Box 456, 1080 Suspendisse Rd.",Burlington,Vermont,97553
Neville Chan,Male,1-443-278-0832,interdum.libero.dui@variusNam.ca,Ap #851-5666 Venenatis Ave,Frederick,MD,30009
Yolanda Perry,Female,1-981-473-7682,netus@necurnaet.com,"P.O. Box 174, 5135 Sem St.",Grand Rapids,MI,45138
Maryam Flynn,Female,1-629-295-3655,habitant.morbi.tristique@eleifend.ca,Ap #602-612 Ac Street,Grand Island,Nebraska,40643
Lillith Bowman,Female,1-612-228-1214,nec.euismod.in@feliseget.com,810-4351 Lorem Rd.,Broken Arrow,Oklahoma,81920
Brody Leonard,Male,1-345-832-7938,Curabitur@vulputatedui.ca,"P.O. Box 138, 3524 Erat Street",West Valley City,Utah,72333
Noble Hartman,Male,1-590-416-3760,enim.Nunc@eu.edu,"P.O. Box 642, 8607 Magnis Street",Tucson,Arizona,86842
Delilah Wilkerson,Female,1-199-470-3213,tempor@lobortisauguescelerisque.com,"P.O. Box 322, 6210 Tincidunt Ave",Cambridge,Massachusetts,52715
Sara Mcdaniel,Female,1-772-135-9647,amet.metus@semmolestie.co.uk,"5865 Et, Ave",Bowling Green,Kentucky,34466
Stone Chang,Male,1-602-171-5001,Phasellus@amet.co.uk,Ap #297-9622 Gravida Rd.,Tallahassee,FL,15228
Clark Brooks,Male,1-779-739-1786,Etiam@Nullamlobortisquam.ca,Ap #385-7821 Lacus. Road,Detroit,MI,46107
Rae Weaver,Female,1-707-621-7243,nec.leo@etultricesposuere.org,"P.O. Box 351, 2660 Pellentesque Street",San Diego,CA,92508
Derek Richards,Male,1-790-253-1533,vel.turpis@amet.co.uk,Ap #647-7032 Nibh St.,Lawton,OK,84234
Callie Reilly,Female,1-297-311-0605,tellus@dignissimpharetra.edu,"P.O. Box 662, 7548 Sem Rd.",Newport News,VA,57851
Kiara Bradford,Female,1-414-424-3757,dapibus.id.blandit@lectus.com,"P.O. Box 506, 7880 Vitae, Av.",Spokane,WA,28575
Austin Hewitt,Male,1-270-572-5957,dui.nec@necante.ca,"P.O. Box 779, 9968 Malesuada Ave",Duluth,MN,13518
Charde Holman,Male,1-655-730-2843,sed.sapien@Fuscealiquam.edu,Ap #500-1083 Quis St.,Lewiston,ME,79478
Aristotle Richardson,Male,1-223-411-9777,nisl@ante.net,"P.O. Box 292, 9434 Auctor, Street",San Diego,CA,92068
Wendy Roth,Female,1-281-683-9060,quam@dolortempusnon.org,900-120 Auctor Road,Huntsville,AL,36231
Ina Pugh,Female,1-524-710-9023,pede.sagittis.augue@placeratCrasdictum.org,"P.O. Box 645, 1451 Turpis Rd.",Burlington,VT,68204
Zenaida Pennington,Female,1-810-793-3576,scelerisque.mollis@pedenec.ca,7958 Varius. Av.,Columbus,Ohio,23484
Rhea Ware,Female,1-455-536-2063,urna.suscipit@quis.net,Ap #140-186 Et St.,College,Alaska,99643
Hilda Kidd,Female,1-747-906-7009,Cras@mi.com,Ap #873-4313 Sit St.,New Haven,CT,82509
Amela Raymond,Female,1-868-484-9298,nascetur.ridiculus.mus@imperdietornare.com,"P.O. Box 778, 9745 Odio. St.",Pike Creek,Delaware,48689
Mira Gardner,Female,1-561-253-3264,vitae.sodales@convallisestvitae.com,6098 Consectetuer Road,Tampa,Florida,29542
Josiah Snyder,Male,1-188-377-9805,auctor.non.feugiat@velitQuisquevarius.com,1216 Sed Road,Covington,Kentucky,95563
Logan Stephens,Male,1-751-830-8607,tempus.mauris.erat@nullaIn.com,"P.O. Box 708, 449 Vitae Street",Jacksonville,FL,59178
Leandra Velasquez,Female,1-813-748-7425,Vivamus.euismod@quispedeSuspendisse.com,6089 Integer Rd.,Tucson,Arizona,86341
Zachery Norton,Male,1-651-772-5899,sem.ut.dolor@vitaemauris.edu,8836 Egestas Street,Tulsa,Oklahoma,55259
Cody Noel,Male,1-654-834-6102,nulla.vulputate.dui@idanteNunc.org,Ap #265-1737 Urna Avenue,Sacramento,California,95808
Reuben Dalton,Male,1-302-302-4171,Donec@enimEtiamimperdiet.edu,413-2464 Risus. Road,Duluth,Minnesota,60931
Vladimir Bradley,Male,1-118-168-7886,velit.eu@risus.org,"P.O. Box 994, 1050 Sed Ave",Fort Collins,CO,80682
Allen Lawson,Male,1-926-348-3890,cursus.a.enim@nisiAenean.net,6147 Eu St.,Fort Smith,AR,71278
Brenda Ortega,Female,1-148-829-0447,dapibus.rutrum.justo@loremvehicula.org,585-6699 Blandit Street,Tucson,Arizona,86755
Germane Sullivan,Male,1-446-285-3045,erat.Vivamus@NullafacilisisSuspendisse.ca,"P.O. Box 159, 4332 Elit. Rd.",Glendale,AZ,86102
Samuel West,Male,1-873-184-5507,rhoncus@varius.co.uk,300-4125 Eget Ave,Newport News,VA,70790
Plato Sheppard,Male,1-103-430-9306,accumsan.sed.facilisis@dolorsitamet.org,216-8025 Habitant Rd.,Overland Park,Kansas,23480
Keely Little,Female,1-327-554-8326,aliquet.Proin@nislarcu.co.uk,Ap #612-7616 Dapibus Avenue,Lafayette,LA,11966
Lila Berger,Female,1-102-458-4546,elit.erat.vitae@elitNulla.edu,Ap #396-3742 Natoque Avenue,Provo,UT,59983
Kaseem Ballard,Male,1-260-710-1051,tempus@non.ca,6945 Iaculis Avenue,Kansas City,Kansas,54376
Breanna Stevens,Female,1-522-676-2903,turpis@Inatpede.edu,297 Auctor Ave,Phoenix,AZ,85799
Rashad Lowery,Male,1-756-580-2516,porttitor.vulputate@leoin.net,987-5549 Pede St.,College,Alaska,99563
Driscoll Mclaughlin,Male,1-762-953-1249,est.Nunc@sitamet.org,556-2827 Aptent Rd.,Hattiesburg,MS,65933
Tyrone Stanley,Male,1-974-973-0866,eu.accumsan.sed@lorem.co.uk,775-2359 Ornare. Av.,Frederick,Maryland,50024
Christopher Cooke,Male,1-992-945-6863,lacinia.at.iaculis@magnaPhasellus.co.uk,Ap #773-2810 Aliquam Rd.,Fort Wayne,Indiana,12989
Fulton Leblanc,Male,1-743-572-5858,at@dolor.co.uk,"146-6737 Ac, Rd.",Springfield,Massachusetts,97977
Jayme Rosa,Male,1-514-130-0982,erat.volutpat@nulla.net,"P.O. Box 932, 8887 Praesent Road",Baton Rouge,Louisiana,60735
Xavier Steele,Male,1-455-746-9623,Phasellus.fermentum.convallis@nuncinterdumfeugiat.ca,170-959 Mauris St.,Fayetteville,Arkansas,72283
Vaughan Reid,Male,1-447-428-8856,sem@utnulla.ca,4355 Aliquet St.,Kaneohe,Hawaii,25658
Brenden Bailey,Male,1-170-604-2585,fermentum@in.edu,765-4612 In Street,Madison,Wisconsin,67176
Dominic Wilkerson,Male,1-627-413-3696,blandit@scelerisquedui.net,"P.O. Box 762, 9925 Massa Av.",Birmingham,Alabama,35951
Reese Simpson,Male,1-325-372-6959,non.enim@inconsectetuer.com,812-1650 Ligula Street,Cincinnati,Ohio,49995
Noelani Ramsey,Male,1-407-134-9030,et.tristique.pellentesque@molestiesodales.org,5098 Rutrum Rd.,Helena,Montana,54976
Demetrius Villarreal,Male,1-562-902-0993,Cum.sociis@natoquepenatibus.net,6414 Lorem Av.,Springdale,AR,72211
Asher Mcclure,Male,1-268-329-1184,Proin@velturpis.net,231-8650 Ornare. St.,Honolulu,HI,19420
Phillip Vaughan,Male,1-268-295-3333,magna.Ut@velitSed.com,509-9669 Euismod St.,Kansas City,MO,83208
Blossom Andrews,Male,1-911-434-4749,Mauris.ut@congueaaliquet.com,Ap #366-4432 Convallis St.,Naperville,IL,15876
Skyler Fuentes,Male,1-852-173-2404,non@euerat.edu,Ap #306-1647 Ornare Rd.,Tallahassee,FL,12283
Hasad Hansen,Male,1-217-134-9281,pharetra@cursus.org,Ap #809-4019 Donec Rd.,Jonesboro,AR,72686
Urielle Clements,Male,1-188-509-9075,odio@nisinibh.com,Ap #450-1768 In St.,Denver,Colorado,51780
Olga Herring,Female,1-667-734-8041,In@enimsit.ca,Ap #977-3633 Maecenas Ave,Gulfport,Mississippi,53796
Tallulah Zamora,Male,1-299-169-0849,erat.eget.ipsum@Suspendissealiquet.ca,1005 Nam St.,Green Bay,WI,91683
Joelle Baldwin,Male,1-780-650-3337,iaculis.aliquet@lacusQuisque.co.uk,1792 Urna Street,Racine,WI,35831
Jonah Cunningham,Male,1-531-938-7716,pellentesque@sit.net,347-5129 Ac Rd.,Bellevue,Nebraska,83867
Barry Knapp,Male,1-854-942-4584,Cum.sociis@quam.org,"P.O. Box 107, 7028 Ornare Rd.",Rock Springs,Wyoming,91750
Forrest Herman,Male,1-301-729-5422,metus.urna@Nuncsollicitudincommodo.net,855-3047 Massa. Ave,Annapolis,Maryland,82668
Halla Bush,Male,1-476-161-9632,ornare@faucibusorciluctus.net,460-6734 Netus Road,Anchorage,Alaska,99709
Ezra Montgomery,Female,1-405-936-2363,Proin.velit@Phasellusvitaemauris.com,Ap #857-575 Ullamcorper Street,Richmond,Virginia,96667
Nasim Horn,Male,1-356-488-3306,Sed@risusDonecegestas.org,6645 Augue Road,Rockford,Illinois,83518